,SysObs.Filename,UserDefCon.id,machine
1,2025-09-20-0917_logdata_yadi,291,yadi
2,2025-09-20-0917_logdata_yadi,318,yadi
3,2025-09-20-0917_logdata_yadi,277,yadi
4,2025-09-20-0917_logdata_yadi,289,yadi
5,2025-09-20-0917_logdata_yadi,288,yadi
6,2025-09-20-0917_logdata_yadi,306,yadi
7,2025-09-20-0917_logdata_yadi,285,yadi
8,2025-09-21-0919_logdata_yadi,305,yadi
9,2025-09-21-0919_logdata_yadi,279,yadi
10,2025-09-21-0919_logdata_yadi,258,yadi
11,2025-09-21-0919_logdata_yadi,272,yadi
12,2025-09-21-0919_logdata_yadi,301,yadi
13,2025-09-21-0919_logdata_yadi,268,yadi
14,2025-09-21-0919_logdata_yadi,310,yadi
15,2025-09-22-1155_logdata,212,yadi
16,2025-09-22-1155_logdata,234,yadi
17,2025-09-22-1155_logdata,193,yadi
18,2025-09-22-1155_logdata,214,yadi
19,2025-09-22-1155_logdata,236,yadi
20,2025-09-23-0925_logdata,252,yadi
21,2025-09-23-0925_logdata,241,yadi
22,2025-09-23-0925_logdata,211,yadi
23,2025-09-23-0925_logdata,209,yadi
24,2025-09-23-0925_logdata,230,yadi
25,2025-09-23-0925_logdata,197,yadi
26,2025-09-24-0823_logdata,219,yadi
27,2025-09-24-0823_logdata,238,yadi
28,2025-09-24-0823_logdata,235,yadi
29,2025-09-24-0823_logdata,3,yadi
30,2025-09-24-0823_logdata,19,yadi
31,2025-09-25-0941_logdata,10,yadi
32,2025-09-25-0941_logdata,64,yadi
33,2025-09-25-0941_logdata,13,yadi
34,2025-09-25-0941_logdata,40,yadi
35,2025-09-25-0941_logdata,24,yadi
36,2025-09-25-0941_logdata,54,yadi
37,2025-09-26-0828_logdata,135,yadi
38,2025-09-26-0828_logdata,165,yadi
39,2025-09-26-0828_logdata,153,yadi
40,2025-09-26-0828_logdata,46,yadi
41,2025-09-26-0828_logdata,22,yadi
42,2025-09-26-0828_logdata,35,yadi
43,2025-09-26-0828_logdata,189,yadi
44,2025-09-26-0828_logdata,179,yadi
45,2025-09-27-0916_logdata,139,yadi
46,2025-09-27-0916_logdata,147,yadi
47,2025-09-27-0916_logdata,134,yadi
48,2025-09-27-0916_logdata,138,yadi
49,2025-09-27-0916_logdata,154,yadi
50,2025-09-27-0916_logdata,133,yadi
51,2025-09-28-0903_logdata,346,yadi
52,2025-09-28-0903_logdata,155,yadi
53,2025-09-28-0903_logdata,156,yadi
54,2025-09-28-0903_logdata,160,yadi
55,2025-09-28-0903_logdata,329,yadi
56,2025-09-28-0903_logdata,355,yadi
57,2025-09-28-0903_logdata,378,yadi
58,2025-09-29-0912_logdata,362,yadi
59,2025-09-29-0912_logdata,374,yadi
60,2025-09-29-0912_logdata,325,yadi
61,2025-09-29-0912_logdata,356,yadi
62,2025-09-29-0912_logdata,337,yadi
63,2025-09-30-1010_logdata,377,yadi
64,2025-09-30-1010_logdata,363,yadi
65,2025-09-30-1010_logdata,333,yadi
66,2025-09-30-1010_logdata,376,yadi
67,2025-09-30-1010_logdata,86,yadi
68,2025-09-30-1010_logdata,88,yadi
69,2025-09-30-1010_logdata,72,yadi
70,2025-10-01-0858_logdata,108,yadi
71,2025-10-01-0858_logdata,77,yadi
72,2025-10-02-0913_logdata,79,yadi
73,2025-10-02-0913_logdata,104,yadi
74,2025-10-02-0913_logdata,119,yadi
75,2025-10-02-0913_logdata,8,yadi
76,2025-10-02-0913_logdata,71,yadi
77,2025-09-20-0924_logdata_stan,277,stan
78,2025-09-20-1451_logdata,316,stan
79,2025-09-20-1451_logdata,278,stan
80,2025-09-20-1451_logdata,257,stan
81,2025-09-21-0921_logdata_stan,312,stan
82,2025-09-21-0921_logdata_stan,308,stan
83,2025-09-21-0921_logdata_stan,309,stan
84,2025-09-21-0921_logdata_stan,260,stan
85,2025-09-21-0921_logdata_stan,270,stan
86,2025-09-21-0921_logdata_stan,304,stan
87,2025-09-21-0921_logdata_stan,294,stan
88,2025-09-22-0853_logdata,281,stan
89,2025-09-22-0853_logdata,317,stan
90,2025-09-22-0853_logdata,216,stan
91,2025-09-22-0853_logdata,247,stan
92,2025-09-22-1418_logdata,NA,stan
93,2025-09-22-1418_logdata,196,stan
94,2025-09-23-0927_logdata,220,stan
95,2025-09-23-0927_logdata,210,stan
96,2025-09-23-0927_logdata,215,stan
97,2025-09-23-0927_logdata,208,stan
98,2025-09-23-0927_logdata,227,stan
99,2025-09-23-0927_logdata,222,stan
100,2025-09-24-0825_logdata,221,stan
101,2025-09-24-0825_logdata,204,stan
102,2025-09-24-0825_logdata,248,stan
103,2025-09-24-0825_logdata,243,stan
104,2025-09-24-0825_logdata,6,stan
105,2025-09-24-0825_logdata,31,stan
106,2025-09-24-0825_logdata,23,stan
107,2025-09-25-0840_logdata,57,stan
108,2025-09-25-0840_logdata,52,stan
109,2025-09-25-0840_logdata,59,stan
110,2025-09-25-0840_logdata,11,stan
111,2025-09-25-0840_logdata,29,stan
112,2025-09-25-0840_logdata,9,stan
113,2025-09-25-0840_logdata,34,stan
114,2025-09-25-0840_logdata,44,stan
115,2025-09-26-0831_logdata,145,stan
116,2025-09-26-0831_logdata,15,stan
117,2025-09-26-0831_logdata,171,stan
118,2025-09-26-0831_logdata,142,stan
119,2025-09-26-0831_logdata,47,stan
120,2025-09-26-0831_logdata,166,stan
121,2025-09-26-0831_logdata,184,stan
122,2025-09-27-0919_logdata,132,stan
123,2025-09-27-0919_logdata,150,stan
124,2025-09-27-0919_logdata,163,stan
125,2025-09-27-0919_logdata,162,stan
126,2025-09-27-0919_logdata,131,stan
127,2025-09-28-0905_logdata,158,stan
128,2025-09-28-0905_logdata,152,stan
129,2025-09-28-0905_logdata,175,stan
130,2025-09-28-0905_logdata,168,stan
131,2025-09-28-0905_logdata,338,stan
132,2025-09-28-0905_logdata,358,stan
133,2025-09-28-0905_logdata,383,stan
134,2025-09-29-0915_logdata,371,stan
135,2025-09-29-0915_logdata,351,stan
136,2025-09-29-0915_logdata,362,stan
137,2025-09-29-0915_logdata,369,stan
138,2025-09-29-0915_logdata,327,stan
139,2025-09-29-0915_logdata,361,stan
140,2025-09-29-0915_logdata,360,stan
141,2025-09-30-1014_logdata,342,stan
142,2025-09-30-1014_logdata,345,stan
143,2025-09-30-1014_logdata,352,stan
144,2025-09-30-1014_logdata,82,stan
145,2025-09-30-1014_logdata,94,stan
146,2025-09-30-1014_logdata,75,stan
147,2025-09-30-1014_logdata,120,stan
148,2025-10-01-0901_logdata,113,stan
149,2025-10-01-0901_logdata,127,stan
150,2025-10-01-0901_logdata,116,stan
151,2025-10-01-0901_logdata,95,stan
152,2025-10-01-0901_logdata,126,stan
153,2025-10-02-0916_logdata,78,stan
154,2025-10-02-0916_logdata,126,stan
155,2025-10-02-0916_logdata,101,stan
156,2025-10-02-0916_logdata,104,stan
157,2025-10-02-0916_logdata,382,stan
158,2025-10-02-0916_logdata,70,stan
159,2025-09-20-0928_logdata_stan,316,ozzie
160,2025-09-20-1241_logdata,274,ozzie
161,2025-09-20-1241_logdata,298,ozzie
162,2025-09-20-1241_logdata,300,ozzie
163,2025-09-20-1241_logdata,280,ozzie
164,2025-09-21-0921_logdata_ozzie,290,ozzie
165,2025-09-21-0921_logdata_ozzie,266,ozzie
166,2025-09-21-0921_logdata_ozzie,271,ozzie
167,2025-09-21-0921_logdata_ozzie,292,ozzie
168,2025-09-21-0921_logdata_ozzie,295,ozzie
169,2025-09-21-0921_logdata_ozzie,269,ozzie
170,2025-09-22-0854_logdata,293,ozzie
171,2025-09-22-0854_logdata,314,ozzie
172,2025-09-22-0854_logdata,202,ozzie
173,2025-09-22-0854_logdata,249,ozzie
174,2025-09-22-0854_logdata,199,ozzie
175,2025-09-22-0854_logdata,205,ozzie
176,2025-09-23-0929_logdata,251,ozzie
177,2025-09-23-0929_logdata,253,ozzie
178,2025-09-23-0929_logdata,245,ozzie
179,2025-09-23-0929_logdata,223,ozzie
180,2025-09-23-0929_logdata,256,ozzie
181,2025-09-23-0929_logdata,239,ozzie
182,2025-09-23-0929_logdata,207,ozzie
183,2025-09-24-0911_logdata,49,ozzie
184,2025-09-24-0911_logdata,255,ozzie
185,2025-09-24-0911_logdata,217,ozzie
186,2025-09-24-0911_logdata,62,ozzie
187,2025-09-24-0911_logdata,51,ozzie
188,2025-09-24-0911_logdata,2,ozzie
189,2025-09-25-0840_logdata,58,ozzie
190,2025-09-25-0840_logdata,18,ozzie
191,2025-09-25-0840_logdata,32,ozzie
192,2025-09-25-0840_logdata,56,ozzie
193,2025-09-25-0840_logdata,36,ozzie
194,2025-09-25-0840_logdata,21,ozzie
195,2025-09-25-0840_logdata,45,ozzie
196,2025-09-26-0901_logdata,188,ozzie
197,2025-09-26-0901_logdata,4,ozzie
198,2025-09-26-0901_logdata,7,ozzie
199,2025-09-26-0901_logdata,41,ozzie
200,2025-09-26-0901_logdata,164,ozzie
201,2025-09-26-0901_logdata,177,ozzie
202,2025-09-27-0919_logdata,159,ozzie
203,2025-09-27-0919_logdata,169,ozzie
204,2025-09-27-0919_logdata,137,ozzie
205,2025-09-27-0919_logdata,157,ozzie
206,2025-09-27-0919_logdata,181,ozzie
207,2025-09-27-0919_logdata,176,ozzie
208,2025-09-27-0919_logdata,180,ozzie
209,2025-09-28-0906_logdata,174,ozzie
210,2025-09-28-0906_logdata,323,ozzie
211,2025-09-28-0906_logdata,167,ozzie
212,2025-09-28-0906_logdata,173,ozzie
213,2025-09-28-0906_logdata,349,ozzie
214,2025-09-28-0906_logdata,359,ozzie
215,2025-09-28-0906_logdata,348,ozzie
216,2025-09-30-0900_logdata,380,ozzie
217,2025-09-30-0900_logdata,372,ozzie
218,2025-09-30-0900_logdata,341,ozzie
219,2025-09-30-0900_logdata,384,ozzie
220,2025-09-30-0900_logdata,90,ozzie
221,2025-09-30-0900_logdata,100,ozzie
222,2025-09-30-0900_logdata,115,ozzie
223,2025-10-01-0903_logdata,131,ozzie
224,2025-10-01-0903_logdata,111,ozzie
225,2025-10-01-0903_logdata,103,ozzie
226,2025-10-01-0903_logdata,76,ozzie
227,2025-10-01-0903_logdata,128,ozzie
228,2025-10-01-0903_logdata,97,ozzie
229,2025-10-01-0903_logdata,93,ozzie
230,2025-10-02-0917_logdata,98,ozzie
231,2025-10-02-0917_logdata,99,ozzie
232,2025-10-02-0917_logdata,65,ozzie
233,2025-10-02-0917_logdata,125,ozzie
234,2025-09-20-0934_logdata_albert,283,albert
235,2025-09-20-0934_logdata_albert,284,albert
236,2025-09-20-1312_logdata,282,albert
237,2025-09-20-1312_logdata,265,albert
238,2025-09-20-1312_logdata,259,albert
239,2025-09-21-0924_logdata_albert,NA,albert
240,2025-09-21-0924_logdata_albert,313,albert
241,2025-09-21-0924_logdata_albert,261,albert
242,2025-09-21-0924_logdata_albert,268,albert
243,2025-09-21-0924_logdata_albert,299,albert
244,2025-09-21-0924_logdata_albert,286,albert
245,2025-09-21-0924_logdata_albert,302,albert
246,2025-09-21-0924_logdata_albert,320,albert
247,2025-09-22-0850_logdata,225,albert
248,2025-09-22-0850_logdata,263,albert
249,2025-09-22-0850_logdata,237,albert
250,2025-09-22-0850_logdata,195,albert
251,2025-09-22-0850_logdata,224,albert
252,2025-09-23-0930_logdata,228,albert
253,2025-09-23-0930_logdata,232,albert
254,2025-09-23-0930_logdata,194,albert
255,2025-09-23-0930_logdata,218,albert
256,2025-09-23-0930_logdata,23,albert
257,2025-09-23-0930_logdata,200,albert
258,2025-09-23-0930_logdata,240,albert
259,2025-09-24-0827_logdata,203,albert
260,2025-09-24-0827_logdata,246,albert
261,2025-09-24-0827_logdata,198,albert
262,2025-09-24-0827_logdata,53,albert
263,2025-09-24-0827_logdata,17,albert
264,2025-09-24-0827_logdata,1,albert
265,2025-09-24-0827_logdata,60,albert
266,2025-09-25-0842_logdata,30,albert
267,2025-09-25-0842_logdata,27,albert
268,2025-09-25-0842_logdata,15,albert
269,2025-09-25-0842_logdata,28,albert
270,2025-09-25-0842_logdata,25,albert
271,2025-09-25-0842_logdata,43,albert
272,2025-09-25-0842_logdata,50,albert
273,2025-09-25-0842_logdata,12,albert
274,2025-09-26-0834_logdata,38,albert
275,2025-09-26-0834_logdata,185,albert
276,2025-09-26-0834_logdata,39,albert
277,2025-09-26-0834_logdata,16,albert
278,2025-09-26-0834_logdata,186,albert
279,2025-09-26-0834_logdata,178,albert
280,2025-09-27-0921_logdata,172,albert
281,2025-09-27-0921_logdata,184,albert
282,2025-09-27-0921_logdata,146,albert
283,2025-09-27-0921_logdata,143,albert
284,2025-09-27-0921_logdata,140,albert
285,2025-09-27-0921_logdata,190,albert
286,2025-09-27-0921_logdata,192,albert
287,2025-09-28-0908_logdata,191,albert
288,2025-09-28-0908_logdata,144,albert
289,2025-09-28-0908_logdata,339,albert
290,2025-09-28-0908_logdata,352,albert
291,2025-09-28-0908_logdata,370,albert
292,2025-09-29-0917_logdata,367,albert
293,2025-09-29-0917_logdata,326,albert
294,2025-09-29-0917_logdata,324,albert
295,2025-09-29-0917_logdata,332,albert
296,2025-09-29-0917_logdata,354,albert
297,2025-09-29-0917_logdata,364,albert
298,2025-09-30-0904_logdata,347,albert
299,2025-09-30-0904_logdata,350,albert
300,2025-09-30-0904_logdata,343,albert
301,2025-09-30-0904_logdata,366,albert
302,2025-09-30-0904_logdata,384,albert
303,2025-09-30-0904_logdata,96,albert
304,2025-09-30-0904_logdata,114,albert
305,2025-09-30-0904_logdata,102,albert
306,2025-10-01-0908_logdata,66,albert
307,2025-10-01-0908_logdata,109,albert
308,2025-10-01-0908_logdata,69,albert
309,2025-10-01-0908_logdata,80,albert
310,2025-10-01-0908_logdata,121,albert
311,2025-10-01-0908_logdata,122,albert
312,2025-10-01-0908_logdata,118,albert
313,2025-10-02-0919_logdata,87,albert
314,2025-10-02-0919_logdata,68,albert
315,2025-10-02-0919_logdata,117,albert
316,2025-10-02-0919_logdata,67,albert
317,2025-10-02-0919_logdata,85,albert
318,2025-10-02-0919_logdata,84,albert
319,2025-09-20-1105_logdata,287,gibson
320,2025-09-20-1105_logdata,273,gibson
321,2025-09-20-1105_logdata,275,gibson
322,2025-09-20-1105_logdata,276,gibson
323,2025-09-21-0928_logdata_gibson,267,gibson
324,2025-09-21-0928_logdata_gibson,264,gibson
325,2025-09-21-0928_logdata_gibson,262,gibson
326,2025-09-21-0928_logdata_gibson,303,gibson
327,2025-09-21-0928_logdata_gibson,315,gibson
328,2025-09-21-0928_logdata_gibson,294,gibson
329,2025-09-21-0928_logdata_gibson,307,gibson
330,2025-09-21-0928_logdata_gibson,311,gibson
331,2025-09-22-0859_logdata,250,gibson
332,2025-09-22-0859_logdata,257,gibson
333,2025-09-22-0859_logdata,206,gibson
334,2025-09-22-0859_logdata,226,gibson
335,2025-09-22-0859_logdata,244,gibson
336,2025-09-22-0859_logdata,229,gibson
337,2025-09-24-1014_logdata,201,gibson
338,2025-09-24-1014_logdata,254,gibson
339,2025-09-24-1014_logdata,231,gibson
340,2025-09-24-1014_logdata,33,gibson
341,2025-09-24-1014_logdata,61,gibson
342,2025-09-24-1014_logdata,26,gibson
343,2025-09-25-0846_logdata,20,gibson
344,2025-09-25-0846_logdata,39,gibson
345,2025-09-25-0846_logdata,46,gibson
346,2025-09-25-0846_logdata,12,gibson
347,2025-09-25-0846_logdata,14,gibson
348,2025-09-26-0839_logdata,130,gibson
349,2025-09-26-0839_logdata,20,gibson
350,2025-09-26-0839_logdata,136,gibson
351,2025-09-26-0839_logdata,14,gibson
352,2025-09-26-0839_logdata,37,gibson
353,2025-09-26-0839_logdata,48,gibson
354,2025-09-26-0839_logdata,161,gibson
355,2025-09-27-0926_logdata,161,gibson
356,2025-09-27-0926_logdata,182,gibson
357,2025-09-27-0926_logdata,141,gibson
358,2025-09-27-0926_logdata,133,gibson
359,2025-09-27-0926_logdata,129,gibson
360,2025-09-27-0926_logdata,170,gibson
361,2025-09-28-1006_logdata,336,gibson
362,2025-09-28-1006_logdata,187,gibson
363,2025-09-28-1006_logdata,334,gibson
364,2025-09-28-1006_logdata,344,gibson
365,2025-09-28-1006_logdata,353,gibson
366,2025-09-28-1006_logdata,357,gibson
367,2025-09-29-0921_logdata,365,gibson
368,2025-09-29-0921_logdata,330,gibson
369,2025-09-29-0921_logdata,321,gibson
370,2025-09-29-0921_logdata,368,gibson
371,2025-09-29-0921_logdata,340,gibson
372,2025-09-29-0921_logdata,327,gibson
373,2025-09-30-0908_logdata,355,gibson
374,2025-09-30-0908_logdata,322,gibson
375,2025-09-30-0908_logdata,379,gibson
376,2025-09-30-0908_logdata,381,gibson
377,2025-09-30-0908_logdata,81,gibson
378,2025-09-30-0908_logdata,106,gibson
379,2025-09-30-0908_logdata,112,gibson
380,2025-10-01-0913_logdata,105,gibson
381,2025-10-01-0913_logdata,89,gibson
382,2025-10-01-0913_logdata,124,gibson
383,2025-10-01-0913_logdata,77,gibson
384,2025-10-01-0913_logdata,335,gibson
385,2025-10-01-0913_logdata,74,gibson
386,2025-10-01-0913_logdata,83,gibson
387,2025-10-01-0913_logdata,107,gibson
388,2025-10-02-0924_logdata,110,gibson
389,2025-10-02-0924_logdata,123,gibson
390,2025-10-02-0924_logdata,73,gibson
391,2025-10-02-0924_logdata,91,gibson
392,2025-10-02-0924_logdata,91.1,gibson
393,2025-10-02-0924_logdata,92,gibson
